{
  "increment": {
    "조리": {
      "mean": 0.2915978777992807,
      "std": 0.001795536787950924
    },
    "조리+향미": {
      "mean": 0.34676768969112115,
      "std": 0.0029412603211422454
    },
    "조리+향미+전통": {
      "mean": 0.3619179850566384,
      "std": 0.003121780928924493
    }
  },
  "inc_fold": {
    "조리": [
      0.2884991071428071,
      0.2931927712216406,
      0.29295501038938226,
      0.2906414148645763,
      0.2927010853779972
    ],
    "조리+향미": [
      0.345225581888684,
      0.352473202795561,
      0.34668077999511093,
      0.34466770204580854,
      0.3447911817304414
    ],
    "조리+향미+전통": [
      0.36395018183297917,
      0.35834559707053126,
      0.36109605678814793,
      0.35933271827735364,
      0.36686537131418023
    ]
  },
  "b5_fold": [
    0.36395018183297917,
    0.35834559707053126,
    0.36109605678814793,
    0.35933271827735364,
    0.36686537131418023
  ],
  "moe_fold": [
    0.33796824312575696,
    0.3448243701363422,
    0.3449781653927761,
    0.34208332188598956,
    0.3429401787192873
  ],
  "b6_fold": [
    0.25399772391227277,
    0.25399772391227277,
    0.25399772391227277,
    0.25399772391227277,
    0.25399772391227277
  ],
  "ttest": {
    "b5_moe": [
      8.117615489491438,
      0.0012523600114952387
    ],
    "moe_b6": [
      69.54706391401015,
      2.561165772215109e-07
    ]
  },
  "axis": {
    "cook": {
      "full": 0.26289087656220017,
      "active": 0.32497450944944123
    },
    "flavor": {
      "full": 0.21874227699786766,
      "active": 0.22731225202531835
    },
    "prop": {
      "full": 0.1949505624615528,
      "active": 0.22093313280813728
    }
  },
  "region": {
    "Random": 0.12519963139779092,
    "향미만": 0.2707531323370358,
    "전통만": 0.1377908136519071,
    "향미+전통": 0.23052889295465184
  },
  "proponly": {
    "n": 377,
    "llm_any": 34,
    "rate": 0.09018567639257294
  }
}