{
  "sharpness": {
    "max_mean": 0.7717829942703247,
    "entropy_mean": 0.4404612211807995
  },
  "gate_3axis": {
    "cook": 0.6582831144332886,
    "flavor": 0.19739533960819244,
    "prop": 0.14432154595851898
  },
  "herb_gate": {
    "강황": [
      0.6428666114807129,
      0.24467414617538452,
      0.11245924234390259
    ],
    "당귀": [
      0.6281693577766418,
      0.17772023379802704,
      0.1941104382276535
    ],
    "대추": [
      0.6433573961257935,
      0.17593888938426971,
      0.18070386350154877
    ],
    "마": [
      0.6322122812271118,
      0.17881101369857788,
      0.18897664546966553
    ],
    "모과": [
      0.6625622510910034,
      0.22823065519332886,
      0.10920698940753937
    ],
    "박하": [
      0.6184303164482117,
      0.23251143097877502,
      0.1490582376718521
    ],
    "생강": [
      0.7002608776092529,
      0.16528525948524475,
      0.13445386290550232
    ],
    "시나몬": [
      0.7062828540802002,
      0.1579299420118332,
      0.13578736782073975
    ],
    "연꽃": [
      0.6543378829956055,
      0.2496117651462555,
      0.09605039656162262
    ],
    "우엉": [
      0.6540650129318237,
      0.18771992623806,
      0.1582149714231491
    ],
    "칡": [
      0.6981879472732544,
      0.18930155038833618,
      0.11251046508550644
    ],
    "팔각": [
      0.681937038898468,
      0.16001181304454803,
      0.15805117785930634
    ],
    "회향": [
      0.6350107192993164,
      0.21839280426502228,
      0.1465964913368225
    ]
  }
}