{
  "summary": {
    "random": {
      "prauc": {
        "label_claude": 0.12943106166079682,
        "label_llama": 0.1283650962296443,
        "label_gpt": 0.1481650025384297
      },
      "auroc": {
        "label_claude": 0.48982737270942533,
        "label_llama": 0.5115148593594651,
        "label_gpt": 0.49257510462055915
      },
      "p20": {
        "label_claude": 0.10500000417232513,
        "label_llama": 0.09928572177886963,
        "label_gpt": 0.1257142722606659
      }
    },
    "cook": {
      "prauc": {
        "label_claude": 0.2986053788659979,
        "label_llama": 0.26067586323688197,
        "label_gpt": 0.25873517470046575
      },
      "auroc": {
        "label_claude": 0.7034239198722634,
        "label_llama": 0.6266412825658216,
        "label_gpt": 0.6643621743053562
      },
      "p20": {
        "label_claude": 0.34285715222358704,
        "label_llama": 0.2785714864730835,
        "label_gpt": 0.30714288353919983
      }
    },
    "flavor": {
      "prauc": {
        "label_claude": 0.22642083903925503,
        "label_llama": 0.17657922532727252,
        "label_gpt": 0.23460459348349738
      },
      "auroc": {
        "label_claude": 0.6067987612600951,
        "label_llama": 0.5694832666792959,
        "label_gpt": 0.6321185929140475
      },
      "p20": {
        "label_claude": 0.22499997913837433,
        "label_llama": 0.18214285373687744,
        "label_gpt": 0.24285714328289032
      }
    },
    "prop": {
      "prauc": {
        "label_claude": 0.18381634366975041,
        "label_llama": 0.17878530073420534,
        "label_gpt": 0.20545897715026923
      },
      "auroc": {
        "label_claude": 0.5853766984383878,
        "label_llama": 0.5918318664577568,
        "label_gpt": 0.5936761761761762
      },
      "p20": {
        "label_claude": 0.1785714477300644,
        "label_llama": 0.15000002086162567,
        "label_gpt": 0.19285716116428375
      }
    },
    "concat_mlp": {
      "prauc": {
        "label_claude": 0.37771503147091595,
        "label_llama": 0.3525337074925542,
        "label_gpt": 0.35550521620644515
      },
      "auroc": {
        "label_claude": 0.739798169232741,
        "label_llama": 0.7237166713029044,
        "label_gpt": 0.7315803648985467
      },
      "p20": {
        "label_claude": 0.37714287638664246,
        "label_llama": 0.3321428894996643,
        "label_gpt": 0.35428571701049805
      }
    },
    "uniform_moe": {
      "prauc": {
        "label_claude": 0.28851726410539963,
        "label_llama": 0.21024532574948696,
        "label_gpt": 0.26323058188193166
      },
      "auroc": {
        "label_claude": 0.7208116050756286,
        "label_llama": 0.6555346505169879,
        "label_gpt": 0.6964239933558116
      },
      "p20": {
        "label_claude": 0.23571428656578064,
        "label_llama": 0.17500001192092896,
        "label_gpt": 0.2321428507566452
      }
    },
    "moe": {
      "prauc": {
        "label_claude": 0.3577727974180945,
        "label_llama": 0.33034392514085414,
        "label_gpt": 0.33955984499714276
      },
      "auroc": {
        "label_claude": 0.7219394351711611,
        "label_llama": 0.6915229616942958,
        "label_gpt": 0.6877729261138352
      },
      "p20": {
        "label_claude": 0.36428573727607727,
        "label_llama": 0.3092857301235199,
        "label_gpt": 0.34857141971588135
      }
    }
  },
  "pos_rate": {
    "label_claude": 0.10848041623830795,
    "label_llama": 0.1028842031955719,
    "label_gpt": 0.11622901260852814
  },
  "pos_weight": [
    8.218254089355469,
    8.71966552734375,
    7.603703498840332
  ],
  "gate_profile": {
    "label_claude": [
      0.43468602910223936,
      0.3521232343618139,
      0.21319073709587102
    ],
    "label_llama": [
      0.4795658721241742,
      0.3593984129224177,
      0.16103571529303742
    ],
    "label_gpt": [
      0.4405173331250747,
      0.31635861061736553,
      0.24312405685024815
    ]
  },
  "gate_all_mean": [
    0.29535476444445447,
    0.426085829888718,
    0.2785594053058263
  ],
  "n_train": 2323,
  "n_excluded": 1373
}